job_title,company_name,location,duration,job_type,job_status,level,years_of_experience,skills_required
Financial Data Analyst,ECC Group,"Nasr City, Cairo, Egypt",4 days ago,Full Time,On-site,Experienced, 3 - 5 ,Experienced · 3 - 5 Yrs of Exp · Education/Teaching · Data · CFA · Analyst · Finance
Manager - Data Intelligence Analyst,Almosafer,"Mohandessin, Giza, Egypt",6 days ago,Full Time,On-site,Manager, 5 - 8 ,Manager · 5 - 8 Yrs of Exp · Analyst/Research · Tourism/Travel · Power BI · Quicksight · Tableau · Genesys · LiveEngage · Data Analytics · SQL · Microsoft Office
Supply Chain Data Analyst,ZeroCarbon,"Cairo, Egypt",7 days ago,Full Time,On-site,Experienced, 2 - 3 ,Experienced · 2 - 3 Yrs of Exp · Logistics/Supply Chain · Analyst/Research · business · Data Analysis · Supply Chain · Analysis · ERP · SAP · Supply · Management
Data Analyst,Specialized Seamless Services,"Heliopolis, Cairo, Egypt",3 days ago,Full Time,On-site,Entry Level, 2 - 4 ,Entry Level · 2 - 4 Yrs of Exp · Administration · Analyst/Research · Microsoft Office · Data Entry · Microsoft Excel
Data Analyst,Venus Hiring,"Toronto, Canada",13 days ago,Full Time,On-site,Entry Level, 1 - 5 ,Entry Level · 1 - 5 Yrs of Exp · Analyst/Research · Engineering - Telecom/Technology · Data · Data Analyst · Analysis · analytical · Computer Science · Data Analysis · Information Technology (IT) · SQL
Senior Data Analyst,Mobility Pro DMCC,"Azarita, Alexandria, Egypt",7 days ago,Full Time,On-site,Experienced, 5+ ,Experienced · 5+ Yrs of Exp · IT/Software Development · Analyst/Research · Data Analysis · Data Science · Microsoft Excel · Power BI · SQL · Python · Statistics · Machine Learning
Data Analyst,Confidential,"Bourj Alarab, Alexandria, Egypt",12 days ago,Full Time,On-site,Entry Level, 2 - 3 ,Entry Level · 2 - 3 Yrs of Exp · males_only · Logistics/Supply Chain · analytical · Data · Statistics · business · Computer Science
Data Analyst,Confidential,"New Cairo, Cairo, Egypt",13 days ago,Full Time,On-site,Experienced, 2 - 5 ,Experienced · 2 - 5 Yrs of Exp · Administration · IT/Software Development · Engineering - Telecom/Technology · Computer Science · Data · Data Entry · Data Mining · Database · Engineering · Information Technology (IT)
Data Analyst Manager,WUZZUF,"Maadi, Cairo, Egypt",17 days ago,Full Time,Hybrid,Manager, 7 - 15 ,Manager · 7 - 15 Yrs of Exp · IT/Software Development · Analyst/Research · Engineering - Telecom/Technology · Analysis · business · Computer Engineering · Computer Science · Data Analysis · Engineering · Microsoft Excel
Data Analyst,London International Patient Services,"Heliopolis, Cairo, Egypt",19 days ago,Full Time,Hybrid,Experienced, 2 - 3 ,Experienced · 2 - 3 Yrs of Exp · Business Development · IT/Software Development · Analysis · Computer Science · Data Analysis · BI · Power BI · Python · SQL · Information Technology (IT)
Commercial Specialist ( Junior Data Analyst ),realme,"Nasr City, Cairo, Egypt",20 days ago,Full Time,On-site,Entry Level, 1+ ,Entry Level · 1+ Yrs of Exp · Business Development · Analyst/Research · Sales/Retail · Statistics · Sales · Analysis · Business Analysis · Market Research · Research · Finance
Junior Data Analyst,Confidential,"Cairo, Egypt",21 days ago,Full Time,On-site,Experienced, 2 - 4 ,Experienced · 2 - 4 Yrs of Exp · IT/Software Development · Analyst/Research · Engineering - Telecom/Technology · Analyzing · Computer Science · Analysis · Data · Data Analysis · Engineering · Information Technology (IT)
Data Analyst,Dayra Market,"Maadi, Cairo, Egypt",23 days ago,Full Time,On-site,Experienced, 1 - 7 ,Experienced · 1 - 7 Yrs of Exp · Analyst/Research · Analysis · business · Computer Science · Data Analysis · Research
Senior Data Analyst,British University of Egypt,"Shorouk City, Cairo, Egypt",26 days ago,Full Time,On-site,Experienced, 5 - 7 ,Experienced · 5 - 7 Yrs of Exp · Analyst/Research · Analysis · BI · Data Analysis · Data · Microsoft Excel
Data Analyst,Luminar,"New Cairo, Cairo, Egypt",28 days ago,Full Time,Remote,Experienced, 2 - 5 ,Experienced · 2 - 5 Yrs of Exp · Analyst/Research · Engineering - Telecom/Technology · Analysis · Analyst · Computer Science · Data Analysis · Data Analyst · Data · Information Technology (IT) · Tableau
Data Analyst/ Mailer,Options,"Mohandessin, Giza, Egypt",1 month ago,Full Time,Remote,Experienced, 1 - 5 ,Experienced · 1 - 5 Yrs of Exp · IT/Software Development · Analyst/Research · Engineering - Telecom/Technology · Analysis · Analyst · Communication · English · Data Analyst · Data Analysis · Data
Financial Analyst ( Costing Background),Cairo Three A  for Agricultural and Animal Production,"New Cairo, Cairo, Egypt",6 hours ago,Full Time,On-site,Experienced, 3 - 5 ,Experienced · 3 - 5 Yrs of Exp · Accounting/Finance · Analyst/Research · Data Analysis · Accounting · Cost · Finance · Financial · Communication · Analysis · Financial Modeling
Market Research Analyst,Confidential,"Heliopolis, Cairo, Egypt",13 days ago,Full Time,On-site,Experienced, 6 - 8 ,Experienced · 6 - 8 Yrs of Exp · Analyst/Research · Analysis · analytical · Communication · Data Collection · Market Research · Presentation · Research · Statistics · Social Media
Business Analyst,Babeleye,"Maadi, Cairo, Egypt",17 days ago,Full Time,Hybrid,Experienced, 2 - 4 ,Experienced · 2 - 4 Yrs of Exp · Analyst/Research · Analysis · Data · Business Analysis · Business Informatics
Financial Analyst,Confidential,"Cairo, Egypt",21 days ago,Full Time,On-site,Experienced, 3 - 7 ,Experienced · 3 - 7 Yrs of Exp · males_only · Accounting/Finance · Banking · Analyst/Research · Accounting · Commerce · Analyst · Analysis · Finance · Financial Analysis · Planning
Data Analyst,Al Ateeq Software,"Heliopolis, Cairo, Egypt",1 month ago,Full Time,On-site,Experienced, 5 - 9 ,Experienced · 5 - 9 Yrs of Exp · IT/Software Development · Analyst/Research · Engineering - Telecom/Technology · Computer Science · Data Analyst · Information Technology (IT) · Analysis · Data
Data Analyst,Cairo Three A  Poultry,"New Cairo, Cairo, Egypt",1 month ago,Full Time,On-site,Experienced, 2 - 3 ,Experienced · 2 - 3 Yrs of Exp · Logistics/Supply Chain · Analysis · analytical · Data Analyst · Computer Science · Statistics
Operation Analyst,Etisal EG,"New Cairo, Cairo, Egypt",27 days ago,Full Time,On-site,Experienced, 2 - 3 ,Experienced · 2 - 3 Yrs of Exp · Business Development · Data Analysis · analytical · Operations
Financial Analyst / Reporting,Go Bus,"Katameya, Cairo, Egypt",4 days ago,Full Time,On-site,Experienced, 3 - 5 ,Experienced · 3 - 5 Yrs of Exp · Accounting/Finance · Financial Accounting · Financial Analysis · Transportation · finance
Senior Business Analyst,Awazel,"Sheraton, Cairo, Egypt",8 hours ago,Full Time,On-site,Experienced, 5 - 7 ,Experienced · 5 - 7 Yrs of Exp · Operations/Management · Analyst/Research · SAP · Business Analysis · Communication skills · Project Management · Analysis
French Quality Analyst,Intouch CX,"Maadi, Cairo, Egypt",2 days ago,Full Time,On-site,Experienced, 2 - 5 ,Experienced · 2 - 5 Yrs of Exp · Customer Service/Support · Quality · Call Center · Communication skills · Quality Assurance · quality · french · English · Customer Support · Customer Service
MIS Analyst,FlexFilms Egypt,"6th of October, Giza, Egypt",11 days ago,Full Time,On-site,Entry Level, 0 - 3 ,Entry Level · 0 - 3 Yrs of Exp · Accounting/Finance · Analyst · Accounting · MIS
Mid-Level / Senior Business Analyst,GET Group- Egypt,"Sheraton, Cairo, Egypt",1 day ago,Full Time,Hybrid,Experienced, 3 - 8 ,Experienced · 3 - 8 Yrs of Exp · IT/Software Development · Analyst/Research · Engineering - Telecom/Technology · analytical · Agile · Information Technology (IT) · Software · Research · Business Analysis · Computer Science
Financial Analyst,Confidential,"Jazan, Saudi Arabia",7 days ago,Full Time,On-site,Experienced, 2 - 5 ,Experienced · 2 - 5 Yrs of Exp · Accounting/Finance · Corporate Finance · Financial Forecasting · Financial Analysis · Accounting · Commerce · Finance · Forecasting · Reporting
Senior Cost Analyst,Nacita,"6th of October, Giza, Egypt",17 days ago,Full Time,On-site,Experienced, 4 - 6 ,Experienced · 4 - 6 Yrs of Exp · Accounting/Finance · Analyst · Accounting · business · SAP · Cost Analyst · Finance · Costing · analytical · Cost
Merchandising Analyst,le Voile,"Nozha, Cairo, Egypt",14 days ago,Full Time,On-site,Experienced, 3+ ,Experienced · 3+ Yrs of Exp · Fashion · Merchandising · Retail · Sales · Analysis · Fashion · ERP · MS Office · Business Administration
Financial Analyst,Confidential,"Zamalek, Cairo, Egypt",18 days ago,Full Time,On-site,Experienced, 3 - 5 ,Experienced · 3 - 5 Yrs of Exp · males_only · Accounting/Finance · Accounting · Financial Forecasting · Analysis · Finance · Financial Analysis · Reporting · Analyst
Senior Risk Rating Analyst,FinBi Finance & Banking Consultants International,"Dokki, Giza, Egypt",12 days ago,Full Time,On-site,Experienced, 5 - 7 ,Experienced · 5 - 7 Yrs of Exp · Accounting/Finance · Banking · Financial Analysis · financial institution · Finance · Accounting
Data Analyst,Distributors for Nestlè dry,"Qalyub, Qalubia, Egypt",2 months ago,Part Time,On-site,Entry Level, 1 - 3 ,Entry Level · 1 - 3 Yrs of Exp · Accounting/Finance · Analyst/Research · Analyst · business · Data Analysis · Computer Science · Data · Data Analyst · Analysis · Information Technology (IT)
Financial Analyst/Intern,Intercap Capital,"Dokki, Giza, Egypt",15 days ago,Internship,On-site,Entry Level, 0 - 1 ,Entry Level · 0 - 1 Yrs of Exp · Accounting/Finance · Analyst/Research · Finance · Accounting · Research · Analysis · Financial Analysis · Financial Reports
Financial Analyst (Equities),Blue Ventures,"Nasr City, Cairo, Egypt",17 days ago,Full Time,On-site,Experienced, 5 - 7 ,Experienced · 5 - 7 Yrs of Exp · Accounting/Finance · Accounting · Commerce · Economics
EDI analyst,Dora Management Solutions,"Sheraton, Cairo, Egypt",21 days ago,Full Time,Remote,Experienced, 3 - 5 ,Experienced · 3 - 5 Yrs of Exp · IT/Software Development · Computer Science · EDI · Information Technology (IT) · Analyst · XML · Retail Business · B2B
Junior Business Analyst,JRM for Communications,"Nasr City, Cairo, Egypt",12 days ago,Full Time,Hybrid,Entry Level, 1 - 2 ,Entry Level · 1 - 2 Yrs of Exp · IT/Software Development · Analyst/Research · Engineering - Telecom/Technology · Business Analysis · Analysis · Information Technology (IT) · Software Development · English · Business Administration · Computer Science
Senior Data Analyst,Tamweely,"Downtown, Cairo, Egypt",2 months ago,Full Time,On-site,Experienced, 3 - 5 ,Experienced · 3 - 5 Yrs of Exp · IT/Software Development · Analyst/Research · analytical · Analysis · Data Analysis · SQL · Computer Science
Senior Financial FP & A Analyst,London International Patient Services,"Heliopolis, Cairo, Egypt",18 days ago,Full Time,On-site,Experienced, 3 - 5 ,Experienced · 3 - 5 Yrs of Exp · Accounting/Finance · Analysis · Finance · Financial Planning · English · ERP · Financial
Senior Real Estate Analyst – Land Valuation,Higher Ground Land Company,"Cairo, Egypt",1 month ago,Full Time,Remote,Entry Level, 1+ ,Entry Level · 1+ Yrs of Exp · Analyst/Research · Sales/Retail · Real Estate · Data Analysis · Valuation · Research Analysis · Business Analysis · Business Systems
System Analyst,SellEnvo,"Rotterdam, Netherlands",1 month ago,Full Time,Part Time,Experienced, 2+ ,Experienced · 2+ Yrs of Exp · IT/Software Development · Analyst/Research · Analyst · business · Business Analysis · Computer Science · Information Systems · Database · Data Analysis · System Analysis
Senior Actuarial Analyst – P&C,Allianz,"New Cairo, Cairo, Egypt",21 days ago,Full Time,On-site,Experienced, 3 - 5 ,Experienced · 3 - 5 Yrs of Exp · Other · Actuarial · Insurance · P&C
Software Business Analyst,Safa Soft,"Maadi, Cairo, Egypt",26 days ago,Full Time,On-site,Experienced, 3 - 5 ,Experienced · 3 - 5 Yrs of Exp · IT/Software Development · Analyst/Research · Engineering - Telecom/Technology · Agile · Analysis · business · Analyst · Business Administration · Business Analysis · Computer Science
Business Analyst,BTC-Egypt Gold,"Heliopolis, Cairo, Egypt",1 month ago,Full Time,On-site,Experienced, 3 - 5 ,Experienced · 3 - 5 Yrs of Exp · females_preferred · IT/Software Development · Analyst/Research · Engineering - Telecom/Technology · Analysis · business · Business Analysis · Communication skills · Computer Science · Data · Information Technology (IT)
Financial Analyst,Ghataty,"Cairo, Egypt",24 days ago,Full Time,On-site,Experienced, 3 - 5 ,Experienced · 3 - 5 Yrs of Exp · Accounting/Finance · Analyst/Research · Accounting · Analysis · analytical · CFA · Commerce · Finance · Financial Modeling · Financial Analysis
Credit Analyst,CXDA,"Heliopolis, Cairo, Egypt",25 days ago,Full Time,On-site,Experienced, 3+ ,Experienced · 3+ Yrs of Exp · Accounting/Finance · Banking · Analyst/Research · credit · Financial Analysis · Finance · English · Accounting · Financial Statements · Ratios
Sales Analyst,Alarabia Group,"10th of Ramadan City, Sharqia, Egypt",1 month ago,Full Time,On-site,Experienced, 4 - 8 ,Experienced · 4 - 8 Yrs of Exp · Business Development · Analyst/Research · Sales/Retail · excel · business · Power BI · Sales Analysis · MS Office · Computer Skills · Communication skills
Senior Software Business Analyst - On-site,Microwize,"Sheraton, Cairo, Egypt",27 days ago,Full Time,On-site,Experienced, 5 - 8 ,Experienced · 5 - 8 Yrs of Exp · IT/Software Development · Analyst/Research · Engineering - Telecom/Technology · Communication skills · Computer Science · Information Technology (IT) · IT · Team Player · English · Software
Junior Data Analyst,Etqan Consultancy,"Cairo, Egypt",2 months ago,Full Time,On-site,Entry Level, 1 - 3 ,Entry Level · 1 - 3 Yrs of Exp · IT/Software Development · Analyst/Research · Analyst · Analysis · Computer Science · Data Analysis · Data Analyst · Information Technology (IT) · SQL · Data
Financial Analyst and Reporting,Bahna Engineering,"Zamalek, Cairo, Egypt",1 month ago,Full Time,On-site,Experienced, 3 - 7 ,Experienced · 3 - 7 Yrs of Exp · Accounting/Finance · Analysis · Accounting · Financial Analysis · Financial Management · Finance · analytical
ERP System Analyst (Full Stack),Xceed Contact Center,"Maadi, Cairo, Egypt",28 days ago,Full Time,On-site,Entry Level, 0 - 1 ,Entry Level · 0 - 1 Yrs of Exp · IT/Software Development · Other · Engineering - Other · ERP · Engineering · Computer Science · Software Engineering · System Analysis · Software Development · Software
Reporting and Business Analyst,Chubb life Insurance,"Katameya, Cairo, Egypt",2 months ago,Full Time,On-site,Experienced, 2 - 5 ,Experienced · 2 - 5 Yrs of Exp · Analyst/Research · Analysis · business · Business Analysis · Data Analysis · SQL · Project Management
Senior Business Analyst,Youxel,"Cairo, Egypt",1 month ago,Full Time,Hybrid,Experienced, 4+ ,Experienced · 4+ Yrs of Exp · IT/Software Development · Analyst/Research · Engineering - Telecom/Technology · Business Analysis · Information Technology (IT) · Engineering · Software Development · Software · Software Engineering · Computer Science
Sales Analyst,Raw African,"Nasr City, Cairo, Egypt",2 months ago,Full Time,On-site,Experienced, 3 - 5 ,Experienced · 3 - 5 Yrs of Exp · Analyst/Research · Sales/Retail · Analyst · Sales Analysis · Sales Analyst · Sales · Analysis · sales skills · analytical · business
Data Analyst,Intelligent for field Marketing,"Nasr City, Cairo, Egypt",2 months ago,Full Time,On-site,Experienced, 0 - 3 ,Experienced · 0 - 3 Yrs of Exp · Customer Service/Support · Marketing/PR/Advertising · Analyst/Research · Analysis · business · Analyst · Data Analyst · Communication skills · Data · Data Analysis
SOC Analyst,Al Ahly capital holding Al Ahly Tamkeen,"Zamalek, Cairo, Egypt",1 month ago,Full Time,On-site,Entry Level, 1 - 3 ,Entry Level · 1 - 3 Yrs of Exp · IT/Software Development · CEH · CIH · Computer Science · Information Technology (IT) · SIEM · Technical Analysis
Cost Analyst,Ostool Transport,"6th of October, Giza, Egypt",2 months ago,Full Time,On-site,Experienced, 7 - 10 ,Experienced · 7 - 10 Yrs of Exp · Accounting/Finance · Cost Control · Cost Analysis · Pricing Analyst · Forecasting · Data Analysis · Pricing strategy
Economic research analyst,Confidential,"Heliopolis, Cairo, Egypt",1 month ago,Full Time,Part Time,Experienced, 3+ ,Experienced · 3+ Yrs of Exp · Analyst/Research · Research Analysis · Research Development · Economics · Market Research
Investment And Financial Analyst,Creative Motion,"Maadi, Cairo, Egypt",1 month ago,Full Time,On-site,Experienced, 5 - 7 ,Experienced · 5 - 7 Yrs of Exp · Accounting/Finance · Analyst/Research · Finance · Financial Analysis · Financial · Financial Modeling · CFA · excel · Accounting · Analysis
Financial Analyst,Global Professional Services GPS,"New Cairo, Cairo, Egypt",1 month ago,Full Time,On-site,Experienced, 3 - 7 ,Experienced · 3 - 7 Yrs of Exp · Accounting/Finance · Finance · Analysis
Ads Sales Quality Analyst (QA),Genpact,"New Cairo, Cairo, Egypt",1 month ago,Full Time,On-site,Entry Level, 0 - 3 ,Entry Level · 0 - 3 Yrs of Exp · Business Development · Customer Service/Support · IT/Software Development · Sales · QA
Fraud Analyst,waffarha.com,"Sheraton, Cairo, Egypt",1 month ago,Internship,On-site,Entry Level,"Cairo, Egypt ",Entry Level · Accounting/Finance · Accounting · Business Analysis · Fraud
Central Operations Senior Analyst,Aman,"Cairo, Egypt",2 months ago,Full Time,On-site,Experienced, 1 - 3 ,Experienced · 1 - 3 Yrs of Exp · Customer Service/Support · Operations/Management · Analyst/Research · Executive · Market Research · Operations · Financial Data Analysis · Power BI · Microsoft Power BI · Microsoft Office
Accountant Business Analyst,Adamco Pharm,"6th of October, Giza, Egypt",1 month ago,Full Time,On-site,Entry Level, 1 - 4 ,Entry Level · 1 - 4 Yrs of Exp · Accounting/Finance · Finance · Accounting · Accounting Systems · word · excel · MS Office
Technical Analyst,BTC-Egypt Gold,"Heliopolis, Cairo, Egypt",1 month ago,Full Time,On-site,Experienced, 1 - 3 ,Experienced · 1 - 3 Yrs of Exp · Analyst/Research · Analysis · analytical · Finance · Forex · technical · Technical Analysis
Business Analyst,Misr Elkheir Foundation,"Mokattam, Cairo, Egypt",2 months ago,Full Time,On-site,Experienced, 4 - 7 ,Experienced · 4 - 7 Yrs of Exp · Business Development · Project/Program Management · Analyst/Research · Analysis · analytical · BI · business · Information Technology (IT) · Financial Analysis · Data Analysis
"Master Data Section Head (SAP, MM, FI-CO Modules)",Arma-HSA,"New Cairo, Cairo, Egypt",11 days ago,Full Time,On-site,Experienced, 6 - 8 ,Experienced · 6 - 8 Yrs of Exp · R&D/Science · Analyst/Research · SAP · Computer Science · Master Data · business · Management
Business Analyst - Customer Solutions,Fixed Solutions,"Cairo, Egypt",2 months ago,Full Time,Hybrid,Experienced, 3+ ,Experienced · 3+ Yrs of Exp · IT/Software Development · Analyst/Research · Business Analysis · Information Technology (IT) · Software Development · Data Analysis · Analysis · business · Software
Senior Data Scientist / Data Scientist – Data & AI Practice,BrickRed Technologies,"Cairo, Egypt",13 days ago,Full Time,On-site,Manager, 7 - 10 ,Manager · 7 - 10 Yrs of Exp · IT/Software Development · Analyst/Research · Engineering - Telecom/Technology · data scientist · Data Science
Pricing Analyst,Target Recruitment  & HR Solutions,"New Cairo, Cairo, Egypt",2 months ago,Full Time,Remote,Experienced, 1 - 2 ,Experienced · 1 - 2 Yrs of Exp · Accounting/Finance · Accounting · Analyst · Commerce · Data Analysis · English · excel · Finance · Microsoft Office · Analysis
Operational Risk Analyst,Sandah for micro finance,"Mohandessin, Giza, Egypt",2 months ago,Full Time,On-site,Experienced, 1 - 3 ,Experienced · 1 - 3 Yrs of Exp · Accounting/Finance · Operations/Management · Analyst/Research · Analysis · Analyst · BI · SQL · Risk Assessment · Risk · Risk Analysis
Senior Data Scientist,DOT Information Technology,"New Cairo, Cairo, Egypt",13 days ago,Full Time,Hybrid,Experienced, 4+ ,Experienced · 4+ Yrs of Exp · IT/Software Development · Analyst/Research · Machine Learning · Information Technology (IT) · Programming · NLP
Financial Analyst,Confidential,"6th of October, Giza, Egypt",2 months ago,Full Time,On-site,Experienced, 5 - 7 ,Experienced · 5 - 7 Yrs of Exp · Accounting/Finance · Banking · Analyst/Research · Financial Analysis · Analysis · business · Finance · analytical · Accounting · Communication skills
Senior Data Engineer,Confidential,"New Cairo, Cairo, Egypt",18 days ago,Full Time,On-site,Experienced, 3 - 8 ,Experienced · 3 - 8 Yrs of Exp · IT/Software Development · Analyst/Research · Engineering - Telecom/Technology · Data Engineering · Data Warehousing · Information Technology (IT) · SQL · Cloudera · Data Analytics · pipline automation
Data Entry Clerk,Confidential,"Shorouk City, Cairo, Egypt",19 days ago,Full Time,On-site,Entry Level, 1 - 3 ,Entry Level · 1 - 3 Yrs of Exp · males_only · Administration · Operations/Management · Analyst/Research · Administration · Communication skills · computer · Data · Data Entry · English · Microsoft Office
Data Entry Clerk,Paramount Acquisition,"Smouha, Alexandria, Egypt",20 days ago,Part Time,Remote,Entry Level,Data Entry,Entry Level · Administration · Writing/Editorial · Analyst/Research · computer · Data Entry · Data · Microsoft Office · Typing · English · Administration
Senior Financial Analyst,Gila Electric,"New Cairo, Cairo, Egypt",2 months ago,Full Time,On-site,Experienced, 5 - 7 ,Experienced · 5 - 7 Yrs of Exp · Accounting/Finance · Finance · Analyst · financial analyst · Accounting · Commerce · Financial · Financial Analysis
Data Analysis Instructor (Excel - Power BI),EpsilonAI,"Nasr City, Cairo, Egypt",22 days ago,Full Time,Part Time,Entry Level, 1+ ,Entry Level · 1+ Yrs of Exp · IT/Software Development · Analyst/Research · Training/Instructor · Analysis · business · Business Intelligence · Data Analysis · Computer Science · Power BI · SQL
Quality Assurance Analyst,KTS International,"Heliopolis, Cairo, Egypt",2 months ago,Full Time,On-site,Experienced, 5 - 7 ,Experienced · 5 - 7 Yrs of Exp · IT/Software Development · Operations/Management · Quality · Administration · Analysis · English · ISO · Microsoft Office · QA · quality
Senior Data Scientist – Data & AI Practice,BrickRed Technologies,"New Cairo, Cairo, Egypt",24 days ago,Full Time,On-site,Experienced, 8+ ,Experienced · 8+ Yrs of Exp · IT/Software Development · Analyst/Research · Engineering - Telecom/Technology · Business Intelligence · business intelligence tools · Computer Science · data scientist · Engineering · Data Science · Java
Sales Data Analysis-Alexandria,Egyptian Abrasives Co.,"Alexandria, Egypt",24 days ago,Full Time,On-site,Experienced, 3 - 5 ,Experienced · 3 - 5 Yrs of Exp · Analyst/Research · Sales/Retail · salesanalysis · Data Analysis · sales skills · analytical · Reporting Analysis
Senior Data Engineer,Erada,"Maadi, Cairo, Egypt",28 days ago,Full Time,On-site,Experienced, 4 - 6 ,Experienced · 4 - 6 Yrs of Exp · IT/Software Development · Engineering - Telecom/Technology · Engineering - Mechanical/Electrical · Engineering · Computer Science · NoSQL · Python · Java · Programming · Software Development
Financial Analyst,Caduceus Lane,"Hurghada, Red Sea, Egypt",2 months ago,Full Time,On-site,Experienced, 5 - 10 ,Experienced · 5 - 10 Yrs of Exp · Accounting/Finance · Business Development · Analyst/Research · Accounting · Commerce · Corporate Finance · Finance · Financial Analysis · Forecasting · Financial Forecasting
Financial Analyst Specialist,LEONI Wiring System Egypt S.A.E,"Nasr City, Cairo, Egypt",2 months ago,Full Time,On-site,Entry Level, 1 - 3 ,Entry Level · 1 - 3 Yrs of Exp · Accounting/Finance · business · Accounting · Financial Management · Finance · Financial Analysis · MS Excel · SAP · excel · Communication skills
Export Sales & Research Analyst,Royal Cement,"Sheraton, Cairo, Egypt",2 months ago,Full Time,On-site,Experienced, 3+ ,Experienced · 3+ Yrs of Exp · Analyst/Research · Analysis · Business Administration · Research · Sales · Marketing · Market Research · Logistics · Export · Sales Analysis
Data Scientist,COB Solution,"Maadi, Cairo, Egypt",1 month ago,Full Time,On-site,Experienced, 4 - 10 ,Experienced · 4 - 10 Yrs of Exp · IT/Software Development · Analyst/Research · Engineering - Telecom/Technology · Computer Science · Data Science · data scientist · Engineering · Information Technology (IT) · Statistics · SQL
Workforce Analyst,LG Electronics,"Katameya, Cairo, Egypt",2 months ago,Full Time,On-site,Experienced, 3 - 7 ,Experienced · 3 - 7 Yrs of Exp · males_only · Customer Service/Support · Analyst/Research · Office Management · Computer Skills · Customer Service · Customer Support · Admin · Adminstration · Microsoft Office · Administration
Senior IT Business Analyst,Confidential,"Cairo, Egypt",2 months ago,Full Time,Hybrid,Experienced, 4 - 10 ,Experienced · 4 - 10 Yrs of Exp · IT/Software Development · Analyst/Research · Business Analysis · Information Technology (IT) · Computer Science · Analysis · Software · Business Development
Service Operation Financial Analyst,Electrolux,"Sohag, Egypt",2 months ago,Full Time,Hybrid,Experienced, 3 - 7 ,Experienced · 3 - 7 Yrs of Exp · Accounting/Finance · Accounting · Communication
Accountant and Reporting Officer,Blue Ventures,"Nasr City, Cairo, Egypt",17 days ago,Full Time,On-site,Experienced, 3 - 5 ,Experienced · 3 - 5 Yrs of Exp · Accounting/Finance · trade operation · trade operation analyst · Finance · Investment
Market Research Analyst,Creative Motion,"Maadi, Cairo, Egypt",2 months ago,Full Time,On-site,Experienced, 5 - 8 ,Experienced · 5 - 8 Yrs of Exp · Marketing/PR/Advertising · Analyst/Research · Market Analysis · Market Research · Finance · Research · Marketing · Analysis · Real Estate
Data Operations Specialist,Aqarmap.com,"Alexandria, Egypt",1 month ago,Full Time,Shift Based,Entry Level, 1 - 2 ,Entry Level · 1 - 2 Yrs of Exp · Operations/Management · Analyst/Research · Data · Research · Maintenance · troubleshoot · Solutions · google sheets
Market Research Analyst,SolyMaro,"Mohandessin, Giza, Egypt",2 months ago,Full Time,On-site,Experienced, 2 - 5 ,Experienced · 2 - 5 Yrs of Exp · Marketing/PR/Advertising · Analyst/Research · Tourism/Travel · Analysis · E-Marketing · Market Research · Social Media · Statistics · Tourism · Travel
Senior Data Operations,Aqarmap.com,"Alexandria, Egypt",1 month ago,Full Time,Shift Based,Experienced, 2 - 4 ,Experienced · 2 - 4 Yrs of Exp · Operations/Management · Analyst/Research · Operations · Data Management · Management · Data · business · Analysis
Senior Analyst,Evalueserve,"Maadi, Cairo, Egypt",2 months ago,Full Time,Hybrid,Experienced, 2 - 7 ,Experienced · 2 - 7 Yrs of Exp · Analyst/Research · Research · Market Research · Business Research · Secondary Research · Desk Research
Training and Quality Specialist,ADS | Foodhub,"Smart Village, Giza, Egypt",2 months ago,Full Time,On-site,Experienced, 1+ ,Experienced · 1+ Yrs of Exp · males_only · Quality · Training/Instructor · Quality Assurance Trainer · Quality Control Trainer · Quality · Training and Development Specialist · Quality Improvement Specialist · Learning and Development (L&D) Coordinator · Quality Assurance Analyst · Corporate Trainer
Business Analyst,Reliance Group,"New Cairo, Cairo, Egypt",2 months ago,Full Time,On-site,Experienced, 3+ ,Experienced · 3+ Yrs of Exp · Engineering - Construction/Civil/Architecture · Analyst · Business Analysis
Capital Market Analyst,A Jess Group,"Maadi, Cairo, Egypt",2 months ago,Full Time,On-site,Experienced, 5+ ,Experienced · 5+ Yrs of Exp · Marketing/PR/Advertising · Analyst/Research · Media/Journalism/Publishing · market · Marketing · Analysis · Communication · Market Research · Statistics
Sales Analyst,BTC-Egypt Gold,"Heliopolis, Cairo, Egypt",2 months ago,Full Time,On-site,Experienced, 1 - 4 ,Experienced · 1 - 4 Yrs of Exp · Customer Service/Support · Analyst/Research · Sales/Retail · Customer Support · Sales · Analysis · Research Analysis · MS Office · Support Services · Sales Analysis
Data Maintenance Specialist,Aqarmap.com,"Alexandria, Egypt",2 months ago,Full Time,Shift Based,Entry Level, 1 - 2 ,Entry Level · 1 - 2 Yrs of Exp · Operations/Management · Analyst/Research · Data · Research · Maintenance · troubleshoot · Solutions
CB IB Operations & Controls – Regulatory Operations Analyst – Analyst / Associate,Deutsche Bank AG,"Riyadh, Saudi Arabia",1 day ago,Full Time,Not specified,Not specified,"New Cairo, Cairo, Egypt ",Not specified · Operations/Management · Quality · Analyst/Research · quality assurance · quality control · quality · finance · analysis · compliance · management
Senior Power BI Developer,BI-Technologies,"New Cairo, Cairo, Egypt",14 days ago,Full Time,Hybrid,Experienced, 2 - 5 ,Experienced · 2 - 5 Yrs of Exp · IT/Software Development · Analyst/Research · Engineering - Telecom/Technology · Computer Science · Power BI · SSRS · BI · SQL · Microsoft Power BI · Engineering
Senior Tableau BI Developer,BrickRed Technologies,"New Cairo, Cairo, Egypt",24 days ago,Full Time,On-site,Experienced, 7+ ,Experienced · 7+ Yrs of Exp · IT/Software Development · Analyst/Research · Engineering - Telecom/Technology · Analysis · business · Computer Science · Data · Data Analysis · Data Modeling · Data visualization
AI Developer (Python),Ultimate Solutions Egypt,"Sheikh Zayed, Giza, Egypt",19 days ago,Full Time,On-site,Experienced, 2 - 3 ,Experienced · 2 - 3 Yrs of Exp · IT/Software Development · Analyst/Research · Engineering - Telecom/Technology · AI · AWS · Azure · Computer Science · Data Science · Git · Information Technology (IT)
Business Systems Analyst,Saudi Aramco,"Riyadh, Saudi Arabia",10 days ago,Full Time,Not specified,Not specified,"6th of October, Giza, Egypt ",Not specified · IT/Software Development · Analyst/Research · Engineering - Telecom/Technology · Information Technology (IT) · Business Analysis · Computer Science · Analysis · System Analysis · Software Development · Software
Internal Auditor,Ovo Egypt,"6th of October, Giza, Egypt",20 days ago,Full Time,On-site,Experienced, 3 - 6 ,Experienced · 3 - 6 Yrs of Exp · Accounting/Finance · Business Development · Analyst/Research · analytical · Analysis · Business Analysis · Data · Data Analysis · English · Internal Controls
CFO,Alshawamikh- A ResModTec Company,"Maadi, Cairo, Egypt",20 days ago,Full Time,On-site,Senior Management, 15 - 20 ,Senior Management · 15 - 20 Yrs of Exp · Operations/Management · C-Level Executive/GM/Director · CFO · Accounting · Management · Financial Management · Financial Analysis · Financial · Finance · Data Analysis
"Analyst, Business Development",Mastercard Incorporated,"Doha, Qatar",10 days ago,Full Time,Not specified,Not specified,"New Cairo, Cairo, Egypt ",Not specified · Business Development · IT/Software Development · Sales/Retail · Business Development · Sales · Sales Skills · Sales Target · Marketing · Information Technology (IT) · Business Analysis
Informatica Metadata Developer,BrickRed Technologies,"New Cairo, Cairo, Egypt",24 days ago,Full Time,On-site,Experienced, 3 - 8 ,Experienced · 3 - 8 Yrs of Exp · IT/Software Development · Engineering - Telecom/Technology · Informatica · Information Technology (IT) · Software Engineering · Metadata · ETL · Computer Science · Data Warehousing · SQL
CFO/finance manager,Confidential,"Zamalek, Cairo, Egypt",27 days ago,Full Time,On-site,Senior Management, 7+ ,Senior Management · 7+ Yrs of Exp · Accounting/Finance · Operations/Management · C-Level Executive/GM/Director · Accounting · Corporate · CFO · Data Analysis · Finance · Financial Analysis · Financial Management
Data Science Engineer (Java Stack),ARPUPLUS,"Giza, Egypt",2 months ago,Full Time,On-site,Experienced, 2 - 4 ,Experienced · 2 - 4 Yrs of Exp · Analyst/Research · Engineering - Telecom/Technology · Java · Computer Science
Market Researcher,National Paints,"Obour City, Cairo, Egypt",2 months ago,Full Time,On-site,Entry Level, 1 - 2 ,Entry Level · 1 - 2 Yrs of Exp · males_preferred · Marketing/PR/Advertising · Sales/Retail · Media/Journalism/Publishing · Communication · E-Marketing · Marketing · SEO · Skills · Social Media · Sales
"Software Developer (C#, HTML & Typescript)",BI-Technologies,"New Cairo, Cairo, Egypt",1 month ago,Full Time,Hybrid,Entry Level, 1 - 3 ,Entry Level · 1 - 3 Yrs of Exp · IT/Software Development · ASP.NET · Software Development · .NET · Information Technology (IT) · Full Stack · Computer Science · Computer Engineering · Database Design · Data Modeling
CFO,Segment interior design,"Sheraton, Cairo, Egypt",1 month ago,Full Time,On-site,Experienced, 7 - 9 ,Experienced · 7 - 9 Yrs of Exp · Accounting/Finance · Operations/Management · C-Level Executive/GM/Director · Accounting · CFO · Corporate · Finance · Financial Analysis · Financial Management · Management
International Grants -Senior Officer,Misr Elkheir Foundation,"Mokattam, Cairo, Egypt",1 month ago,Full Time,On-site,Manager, 6 - 8 ,Manager · 6 - 8 Yrs of Exp · Administration · Writing/Editorial · Analyst/Research · grant Management · Data Analysis · Microsoft Office · International Relations · Business Development · Project Management
Quality Data Analysis Engineer,Sumitomo Electric Egypt,"6th of October, Giza, Egypt",2 months ago,Full Time,On-site,Experienced, 1 - 2 ,Experienced · 1 - 2 Yrs of Exp · Quality · Analyst/Research · Engineering - Mechanical/Electrical · SQL · Data Analysis · quality · Engineering
AI Engineer,Confidential,"Heliopolis, Cairo, Egypt",1 month ago,Full Time,Part Time,Entry Level, 1 - 3 ,Entry Level · 1 - 3 Yrs of Exp · IT/Software Development · Analyst/Research · AI · Analysis · Algorithms · Computer Science · Data Analysis · Data · Development · Engineering
Operational Excellence Specialist,Ovo Egypt,"6th of October, Giza, Egypt",1 month ago,Full Time,On-site,Experienced, 3 - 5 ,Experienced · 3 - 5 Yrs of Exp · Operations/Management · Manufacturing/Production · Analyst/Research · PMP · Engineering · LEAN · Data · Management · Six Sigma · Operations
Virtual Assistant/Project Coordinator - AI & Digital Services Focus,Profitable Sites Ltd,"Dahab, South Sinai, Egypt",16 days ago,Full Time,Hybrid,Manager, 5 - 10 ,Manager · 5 - 10 Yrs of Exp · Administration · Marketing/PR/Advertising · AI · Google Ads · Project Management · Assistant · Project coordinator · Business Administration · Admin Assistant · google workspace
Food & Beverage cost control supervisor,Willow's Egypt,"Sheikh Zayed, Giza, Egypt",2 months ago,Full Time,On-site,Experienced, 4 - 5 ,Experienced · 4 - 5 Yrs of Exp · Accounting/Finance · accountant · Accounting · Analyst · business · Cost Control · Finance · Financial · Food &amp; Beverage · Cost
Data Engineer-,Master-Works,"Riyadh, Saudi Arabia",10 days ago,Full Time,Not specified,Not specified,"Riyadh, Saudi Arabia ",Not specified · IT/Software Development · Analyst/Research · Engineering - Telecom/Technology · Information Technology (IT) · Computer Science · Computer Engineering · Engineering · Software Engineering · Software Development · SQL
Data Scientist,Unlimiteck,"Riyadh, Saudi Arabia",1 day ago,Full Time,Not specified,Not specified,Data Science,Not specified · IT/Software Development · Analyst/Research · Engineering - Telecom/Technology · Python · Computer Science · Information Technology (IT) · SQL · Data Science · Data Scientist · Machine Learning
Senior Operation Control Specialist,Amreyah Cement,"Bourj Alarab, Alexandria, Egypt",2 months ago,Full Time,On-site,Experienced, 3 - 5 ,Experienced · 3 - 5 Yrs of Exp · Logistics/Supply Chain · Operations/Management · Analyst/Research · Analysis · Data Analysis · Management · MS Office · SQL · Operations · Communication
OFSAA Consultant,AppsTec,"Cairo, Egypt",7 hours ago,Full Time,Remote,Experienced, 8 - 13 ,Experienced · 8 - 13 Yrs of Exp · Banking · IT/Software Development · Engineering - Telecom/Technology · OFSAA · PLSQL · TSQL · Banking · Power BI
Inventory Analysis,Ghataty,"6th of October, Giza, Egypt",5 days ago,Full Time,On-site,Experienced, 3 - 7 ,Experienced · 3 - 7 Yrs of Exp · Logistics/Supply Chain · Analyst/Research · Financial Analysis · Finance · Communication skills · inventory · Management · Stock Control · Financial Management
Cost Accountant,International Food & Consumable Goods Egypt S.A.E,"6th of October, Giza, Egypt",8 hours ago,Full Time,On-site,Experienced, 4 - 6 ,Experienced · 4 - 6 Yrs of Exp · males_only · Accounting/Finance · Analyst/Research · FMCG · Cost Accounting · Finance · ERP · Cost Control · Cost · Project Cost Control · Cost Management
Cost Accountant,Grand Plast,"Cairo, Egypt",3 days ago,Full Time,On-site,Experienced, 3 - 5 ,Experienced · 3 - 5 Yrs of Exp · Accounting/Finance · Finance · Accounting · Cost · Cost Accountant · Cost Accounting · Accounting Software · accountant · analytical · excel
Cost Accountant Section Head,Holw El Sham,"6th of October, Giza, Egypt",3 days ago,Full Time,On-site,Experienced, 5 - 7 ,Experienced · 5 - 7 Yrs of Exp · males_preferred · Accounting/Finance · Accounting · Cost Accountant · Financial Analysis · Financial Management
Cost Accountant,Cegy plastics,"10th of Ramadan City, Cairo, Egypt",6 days ago,Full Time,On-site,Experienced, 3 - 5 ,Experienced · 3 - 5 Yrs of Exp · Accounting/Finance · accountant · Accounting · Accounting Software · analytical · Cost · Cost Accountant · Cost Accounting · excel · Finance
R&T Chemist,Eagle Chemicals,"6th of October, Giza, Egypt",4 days ago,Full Time,On-site,Entry Level, 2 - 3 ,Entry Level · 2 - 3 Yrs of Exp · R&D/Science · Manufacturing/Production · Analyst/Research · Chemistry · Development · research and development · Research · Science · quality · Analysis
Cost Accountant,Macro Group,"Sheraton, Cairo, Egypt",7 days ago,Full Time,On-site,Experienced, 2 - 4 ,Experienced · 2 - 4 Yrs of Exp · Accounting/Finance · Cost Accountant · Cost Accounting · Cost · Finance · Accounting · accountant · Accounting Software · Oracle · oracel fusion
Tax Accountant,El Banna Group Company,"10th of Ramadan City, Sharqia, Egypt",8 days ago,Full Time,On-site,Experienced, 1 - 3 ,Experienced · 1 - 3 Yrs of Exp · males_only · Accounting/Finance · Banking · accountant · Accounting · Accounting Software · Finance · Financial Analysis · Tax · tax accountant · Software
Cost Accountant associate,Smart sevices,"Maadi, Cairo, Egypt",18 days ago,Full Time,On-site,Experienced, 3 - 7 ,Experienced · 3 - 7 Yrs of Exp · Accounting/Finance · Logistics/Supply Chain · Analyst/Research · Accounting · Auditing · Budgeting · Cost Accounting · Cost Analysis · Finance · Financial Analysis
Budgeting & Reporting Section Head,NILEWOOD,"Agouza, Giza, Egypt",10 days ago,Full Time,On-site,Experienced, 8 - 12 ,Experienced · 8 - 12 Yrs of Exp · males_only · Accounting/Finance · Analyst/Research · Accounting · Budgeting · CMA · ERP · Finance · Financial Management · Manufacturing · Oracle
Tax Accountant,Memaar Alashraaf,"New Cairo, Cairo, Egypt",13 days ago,Full Time,On-site,Experienced, 1 - 5 ,Experienced · 1 - 5 Yrs of Exp · Accounting/Finance · Banking · accountant · Accounting · Accounting Software · Finance · Financial Analysis · tax accountant · Tax · CMA
Cost Control & Planning Engineer,Ayoun Masr Co For Tourism Development,"New Cairo, Cairo, Egypt",21 days ago,Full Time,On-site,Experienced, 3 - 5 ,Experienced · 3 - 5 Yrs of Exp · Engineering - Construction/Civil/Architecture · Civil Engineering · Civil · Primavera · Planning · Site · Cost Control · Contractor · Planning Engineering · Cost
Cost control Manager,Etoile,"Shubra, Cairo, Egypt",2 days ago,Full Time,On-site,Manager, 7 - 10 ,Manager · 7 - 10 Yrs of Exp · males_only · Accounting/Finance · Manufacturing/Production · Analyst/Research · Accounting · Analysis · ERP · Finance · Financial Analysis · Cost Analysis · Cost Management
Planning Specialist,Royal Cement,"Sheraton, Cairo, Egypt",3 days ago,Full Time,On-site,Experienced, 2 - 5 ,Experienced · 2 - 5 Yrs of Exp · Logistics/Supply Chain · Analyst/Research · Strategy/Consulting · Planning · Supply Chain · Operations Management · SAP · Power BI · Microsoft Office 365 · Microsoft Excel
Assets Management Specialist,Egypt Teda,"Ataqah, Suez, Egypt",13 days ago,Full Time,On-site,Experienced, 1 - 5 ,Experienced · 1 - 5 Yrs of Exp · Business Development · Operations/Management · Analyst/Research · Communication · analytical · Customer Care · Customer Service · Management · Marketing · Operations
Research Manager,Evalueserve,"Maadi, Cairo, Egypt",1 month ago,Full Time,Hybrid,Manager, 6 - 10 ,Manager · 6 - 10 Yrs of Exp · Analyst/Research · Secondary Research · Desk Research · Project Management · Management
MERN Stack Developer,Rehabitaire,"Maadi, Cairo, Egypt",12 days ago,Full Time,On-site,Experienced, 5+ ,Experienced · 5+ Yrs of Exp · IT/Software Development · Analyst/Research · Engineering - Telecom/Technology · Computer Science · Engineering · HTML5 · Information Technology (IT) · JavaScript · MongoDB · React
Senior Investment & Portfolio Management,Roya Developments,"Sheraton, Cairo, Egypt",13 days ago,Full Time,On-site,Experienced, 4 - 9 ,Experienced · 4 - 9 Yrs of Exp · Accounting/Finance · Business Development · Analyst/Research · Analysis · Financial Analysis · Finance · Investment · Portfolio Management · Economics
Business Intelligence Specialist,Biddex,"Cairo, Egypt",26 days ago,Full Time,On-site,Experienced, 1 - 5 ,Experienced · 1 - 5 Yrs of Exp · Business Development · Marketing/PR/Advertising · Sales/Retail · Business Development · Business Administration · Management · Sales · BI
Full Stack Developer,Cherwell Associates,"Zamalek, Cairo, Egypt",16 days ago,Full Time,On-site,Experienced, 4 - 7 ,Experienced · 4 - 7 Yrs of Exp · IT/Software Development · Engineering - Telecom/Technology · Full Stack · JavaScript · HTML · React · Software Development · MySQL · Angular · Computer Science
Senior ERP Developer,Milkys The Milkman,"Sheikh Zayed, Giza, Egypt",3 days ago,Full Time,On-site,Experienced, 4 - 6 ,Experienced · 4 - 6 Yrs of Exp · IT/Software Development · Software Development · Programming · ERP-NEXT · Python · R · Front-End Development · Web Development · Agile · APIs
Application Consultant (Sales Buzz Product),BI-Technologies,"New Cairo, Cairo, Egypt",4 days ago,Full Time,Hybrid,Experienced, 2 - 6 ,Experienced · 2 - 6 Yrs of Exp · males_preferred · Installation/Maintenance/Repair · IT/Software Development · Analyst/Research · Information Technology (IT) · Computer Science · Engineering · Telecommunication · Telecom Engineering · Software · Software Implementation
Hiring Oracle Fusion ERP Manager,MOBILY INFOTECH LTD INDIA,"Cairo, Egypt",6 days ago,Full Time,Hybrid,Manager, 12 - 20 ,Manager · 12 - 20 Yrs of Exp · IT/Software Development · ERP · Oracle Fusion · Project Management
Civil or Architect Engineer – Real Estate,Confidential,"Nozha, Cairo, Egypt",7 days ago,Full Time,On-site,Entry Level, 0 - 2 ,Entry Level · 0 - 2 Yrs of Exp · Engineering - Construction/Civil/Architecture · Engineering · Feasibility · Real Estate
Full Stack Developer,TheFedexperience,"New Cairo, Cairo, Egypt",18 days ago,Full Time,Hybrid,Entry Level, 1 - 3 ,Entry Level · 1 - 3 Yrs of Exp · females_preferred · Creative/Design/Art · IT/Software Development · Full Stack · CSS · HTML · Information Technology (IT) · React · MySQL · Java · JavaScript
Research And Development (Food & Beverage ),ICONIC FMCG,"New Cairo, Cairo, Egypt",2 months ago,Full Time,On-site,Experienced, 2 - 3 ,Experienced · 2 - 3 Yrs of Exp · males_only · R&D/Science · Business Development · Analyst/Research · Business Development · Analysis · Chemistry · Data Analysis · Market Research · Communication · Management
Senior Full Stack ASP.NET Developer,Al Attiya Computer and Technology,"Hadayek Alkobba, Cairo, Egypt",21 days ago,Full Time,On-site,Experienced, 5+ ,Experienced · 5+ Yrs of Exp · IT/Software Development · Engineering - Telecom/Technology · .Net · ASP.Net · Development · Software Development · SQL · JavaScript · jQuery · Entity Framework
Receivable Accountant,Eamar Al Delta,"New Cairo, Cairo, Egypt",14 days ago,Full Time,On-site,Experienced, 5 - 7 ,Experienced · 5 - 7 Yrs of Exp · males_only · Accounting/Finance · Banking · Analyst/Research · Accounting · MS Excel · Real Estate · MS · Reporting · excel · Finance
Senior Full Stack Developer,iucon Egypt,"Dokki, Giza, Egypt",24 days ago,Full Time,Hybrid,Experienced, 2 - 4 ,Experienced · 2 - 4 Yrs of Exp · IT/Software Development · Engineering - Telecom/Technology · ASP.Net · .Net · English · Information Technology (IT) · Oracle · JavaScript · SQL · Software Development
Cost Accountant,International Medical Service Center,"Manial, Cairo, Egypt",17 days ago,Full Time,On-site,Experienced, 2 - 3 ,Experienced · 2 - 3 Yrs of Exp · Accounting/Finance · Logistics/Supply Chain · Analyst/Research · Accounting · Cost Accounting · Finance · Financial Analysis
Senior Power BI Developer,SURE International Technology,"Nasr City, Cairo, Egypt",1 month ago,Full Time,Hybrid,Experienced, 5 - 8 ,Experienced · 5 - 8 Yrs of Exp · Installation/Maintenance/Repair · IT/Software Development · BI · Business Intelligence · Power BI · Microsoft Power BI
Tax Accountant,Confidential,"Nasr City, Cairo, Egypt",27 days ago,Full Time,On-site,Experienced, 3 - 5 ,Experienced · 3 - 5 Yrs of Exp · Accounting/Finance · accountant · Accounting · Accounting Software · CMA · CPA · excel · Finance · Software · tax accountant
Feasibility Studies And Financial Analysis Manager,Creative Motion,"Maadi, Cairo, Egypt",1 month ago,Full Time,On-site,Manager, 5 - 10 ,Manager · 5 - 10 Yrs of Exp · Accounting/Finance · Analyst/Research · Accounting · Analysis · analytical · CFA · Commerce · Communication skills · CPA · Economics
Cost Accountant,Marseilia,"Alexandria, Egypt",28 days ago,Full Time,On-site,Experienced, 2 - 4 ,Experienced · 2 - 4 Yrs of Exp · males_only · Accounting/Finance · accountant · Accounting · Cost · Cost Accountant · Cost Accounting · Real Estate · Accounting Software · excel · Finance
Analytical Chemist,"ELVAN Knitting, Dyeing and finishing S.A.E","Bourj Alarab, Alexandria, Egypt",19 days ago,Full Time,On-site,Entry Level, 1 - 3 ,Entry Level · 1 - 3 Yrs of Exp · males_only · R&D/Science · Analyst/Research · Chemistry · Chemist · Science · Lab Analysis · ICP-MS · GC-MS · HP-DAD · Lab
Risk Manager,FinBi Finance & Banking Consultants International,"Dokki, Giza, Egypt",1 month ago,Full Time,On-site,Manager, 7 - 10 ,Manager · 7 - 10 Yrs of Exp · Accounting/Finance · Operations/Management · Analyst/Research · Business Administration · Analysis · Accounting · Management
Junior Receivables Accountant - AR Accountant,LG Electronics,"Katameya, Cairo, Egypt",20 days ago,Full Time,On-site,Entry Level, 1 - 2 ,Entry Level · 1 - 2 Yrs of Exp · Accounting/Finance · Analyst/Research · Accounting · Finance · Account Payable · Payable · AP · Financial Analysis · Commerce · English
Senior Business Development Engineer,Egytrans,"New Cairo, Cairo, Egypt",20 days ago,Full Time,On-site,Experienced, 5 - 7 ,Experienced · 5 - 7 Yrs of Exp · Business Development · Business Development · English · Communication skills · Market Research · Sales
CMA Accountant,MRI,"Mansoura, Dakahlia, Egypt",25 days ago,Full Time,On-site,Experienced, 5 - 10 ,Experienced · 5 - 10 Yrs of Exp · Accounting/Finance · Banking · Analyst/Research · accountant · Accounting · CMA · Cost Accounting · ERP · Finance · Financial Management
Warehouse Supervisor,SAVOLA,"Ameria, Alexandria, Egypt",1 month ago,Full Time,On-site,Experienced, 4 - 7 ,Experienced · 4 - 7 Yrs of Exp · Logistics/Supply Chain · Operations/Management · MS Office · ERP System · Warehouse Operations · Supply Chain · Supply · Warehouse
Marketing Supervisor,Confidential,"khanka, Qalubia, Egypt",25 days ago,Full Time,On-site,Experienced, 7 - 15 ,Experienced · 7 - 15 Yrs of Exp · Marketing/PR/Advertising · Analyst/Research · Media/Journalism/Publishing · Microsoft Office · Marketing · Market Research · Digital Marketing · digital marketing · Social Media · media
Senior Full Stack Developer,Biddex,"Heliopolis, Cairo, Egypt",27 days ago,Full Time,On-site,Experienced, 5+ ,Experienced · 5+ Yrs of Exp · IT/Software Development · Engineering - Telecom/Technology · Information Technology (IT) · Agile · Software Development · React · Computer Science · CSS · HTML · JavaScript
Automotive Operations Manager,Biddex,"Cairo, Egypt",27 days ago,Full Time,On-site,Manager, 7 - 10 ,Manager · 7 - 10 Yrs of Exp · Customer Service/Support · Operations/Management · Sales/Retail · Automotive · Budgeting · Management · Manager · Operations · Operations Management · operations manager
Digital Marketing Executive,Golf Aviation Academy,"Dokki, Giza, Egypt",27 days ago,Full Time,On-site,Experienced, 1 - 3 ,Experienced · 1 - 3 Yrs of Exp · Marketing/PR/Advertising · Analyst/Research · Media/Journalism/Publishing · E-Marketing · excel · Marketing · Digital Marketing · Social Media · Research · Reporting
Software Testing,Cubic Information Systems,"New Cairo, Cairo, Egypt",27 days ago,Full Time,On-site,Experienced, 2 - 4 ,Experienced · 2 - 4 Yrs of Exp · IT/Software Development · Quality · Engineering - Telecom/Technology · Information Technology (IT) · Software · Software Testing · Agile · Automation · Software Development · Testing
1) Accountant - 2) internal Auditor -3) Cost Accountant - 4) Financial Accountant,Green Foods,"Sheraton, Cairo, Egypt",1 month ago,Full Time,On-site,Experienced, 2 - 4 ,Experienced · 2 - 4 Yrs of Exp · Accounting/Finance · Accounting · Auditing · Finance · Accounts Receivable
Supply and Demand Planning Manager,Bouri Group,"New Cairo, Cairo, Egypt",1 month ago,Full Time,On-site,Manager, 5 - 7 ,Manager · 5 - 7 Yrs of Exp · Logistics/Supply Chain · Analyst/Research · Purchasing/Procurement · Manufacturing · Production · Planning · Supply · Supply Chain · supply chain management · business
Software Tester - Fully Remote Job,Osus Group,"Cairo, Egypt",24 days ago,Full Time,Remote,Experienced, 1 - 5 ,Experienced · 1 - 5 Yrs of Exp · IT/Software Development · Quality · Engineering - Telecom/Technology · Quality Assurance · International Software Testing Qualifications Board · Software Testing · System Testing · Testing · Automation Testing · User Testing
Researcher (AI & Technology),Rehabitaire,"Maadi, Cairo, Egypt",28 days ago,Full Time,On-site,Experienced, 4+ ,Experienced · 4+ Yrs of Exp · R&D/Science · IT/Software Development · Analyst/Research · AI · Computer Vision · NLP · Computer · Computer Science · Research · Internet Research
Tax Accountant,Beverlyhills,"Shorouk City, Cairo, Egypt",1 month ago,Full Time,On-site,Experienced, 6 - 7 ,Experienced · 6 - 7 Yrs of Exp · Accounting/Finance · accountant · excel · Finance
Agricultural R&D Manager,Al Dahra Agriculture,"Abu Simbel, Aswan, Egypt",2 months ago,Full Time,On-site,Manager, 10 - 12 ,Manager · 10 - 12 Yrs of Exp · R&D/Science · Analyst/Research · Agriculture · R&D · Communication skills · Data Analysis · R&amp;D · Research · Science · Software
Production and demand planner food sector,Olio Food,"Obour City, Cairo, Egypt",1 month ago,Full Time,On-site,Experienced, 4 - 6 ,Experienced · 4 - 6 Yrs of Exp · Operations/Management · Manufacturing/Production · Analyst/Research · Planning · Production · Production Planning · Supply Chain
Senior Salesforce Developer,WeAreProdigy,"Cairo, Egypt",1 month ago,Full Time,Remote,Experienced, 3 - 6 ,Experienced · 3 - 6 Yrs of Exp · IT/Software Development · APEX · Apex Programming · Salesforce · Salesforce CRM · SOQL · RESTful API · Communication · computer · Computer Science
E Commerce Specialist,GT World OF Beauty,"Sheraton, Cairo, Egypt",1 month ago,Full Time,On-site,Experienced, 2 - 3 ,Experienced · 2 - 3 Yrs of Exp · Marketing/PR/Advertising · Media/Journalism/Publishing · E-Marketing · Marketing · Shopify · Social Media · Design · Web Design · Digital Marketing
R&D Formulation Specialist,Al Andalous Pharmaceutical Industries,"6th of October, Giza, Egypt",1 month ago,Full Time,On-site,Experienced, 2 - 4 ,Experienced · 2 - 4 Yrs of Exp · males_preferred · R&D/Science · Analyst/Research · Pharmaceutical · Pharmaceutical · Formulation · Research &Development · Pharmacy
Cost Accountant,Confidential,"Giza, Egypt",1 month ago,Full Time,On-site,Experienced, 1 - 2 ,Experienced · 1 - 2 Yrs of Exp · Accounting/Finance · Logistics/Supply Chain · Analyst/Research · accountant · Accounting · Accounting Software · analytical · Cost · Cost Accountant · Cost Accounting
Full Stack Developer,Mishkat Nour,"Nasr City, Cairo, Egypt",1 month ago,Full Time,On-site,Experienced, 5 - 6 ,Experienced · 5 - 6 Yrs of Exp · IT/Software Development · Engineering - Telecom/Technology · developer · Full Stack Developer · Full Stack · Computer Science · Stack · Software Development · Information Technology (IT) · CSS
Product Owner,Nahdet Misr Publishing Group,"Mohandessin, Giza, Egypt",2 months ago,Full Time,Hybrid,Experienced, 1 - 3 ,Experienced · 1 - 3 Yrs of Exp · IT/Software Development · Media/Journalism/Publishing · Engineering - Telecom/Technology · Analysis · Business Analysis · Product Development · Product Management · Product · business · Development
Senior Full stack Java developer,MTS-IT,"Maadi, Cairo, Egypt",1 month ago,Full Time,On-site,Experienced, 2 - 5 ,Experienced · 2 - 5 Yrs of Exp · IT/Software Development · Engineering - Telecom/Technology · Angular · Computer Science · Full Stack · Information Technology (IT) · Software Development · CSS · spring Framework · Java SE
Internal Auditor,Monglish Academy,"Alexandria, Egypt",1 month ago,Full Time,On-site,Experienced, 5 - 7 ,Experienced · 5 - 7 Yrs of Exp · Accounting/Finance · Quality · Analyst/Research · Accounting · Accounting Software · analytical · Auditing · Auditing standards · auditor · Finance
Cost accountant,Elsallab steel,"10th of Ramadan City, Cairo, Egypt",2 months ago,Full Time,On-site,Experienced, 3 - 6 ,Experienced · 3 - 6 Yrs of Exp · Accounting/Finance · Logistics/Supply Chain · Analyst/Research · Accounting · Accounting Software · excel · MS · Financial Analysis
Cost Control Manager,GMC,"Maadi, Cairo, Egypt",2 months ago,Full Time,On-site,Experienced, 10 - 15 ,Experienced · 10 - 15 Yrs of Exp · Engineering - Construction/Civil/Architecture · Engineering · Cost · PMP
Machine Learning Lead,WUZZUF,"Maadi, Cairo, Egypt",1 month ago,Full Time,Hybrid,Manager, 7 - 10 ,Manager · 7 - 10 Yrs of Exp · IT/Software Development · Analyst/Research · Engineering - Telecom/Technology · Algorithms · Communication · Communication skills · Computer Science · Elasticsearch · Information Technology (IT) · learning
Technical Project Manager,TAB ERP Solutions,"New Cairo, Cairo, Egypt",2 months ago,Full Time,Remote,Manager, 8 - 15 ,Manager · 8 - 15 Yrs of Exp · IT/Software Development · Computer Science · Information Technology (IT) · ERP · SQL
Stability Section Head,Rameda,"6th of October, Giza, Egypt",2 months ago,Full Time,On-site,Experienced, 10 - 14 ,Experienced · 10 - 14 Yrs of Exp · Manufacturing/Production · Quality · Pharmaceutical · QC · Pharmaceutical · Quality Control · Communication skills · Sciences · Pharmaceutical Sciences · quality
Salesforce Administrator,"Nile Bits, LLC","6th of October, Giza, Egypt",2 months ago,Full Time,Remote,Experienced, 3 - 10 ,Experienced · 3 - 10 Yrs of Exp · IT/Software Development · Salesforce · CRM · Salesforce CRM
Corporate Credit Analysis,A.T Lease Egypt,"Sheikh Zayed, Giza, Egypt",2 months ago,Full Time,On-site,Experienced, 5+ ,Experienced · 5+ Yrs of Exp · Accounting/Finance · Analyst/Research · Analysis · Commerce · Business Administration · Finance · English · Financial Analysis · credit
Financial Analysis & Budgeting,Macro Group,"Sheraton, Cairo, Egypt",1 month ago,Full Time,On-site,Experienced, 3 - 5 ,Experienced · 3 - 5 Yrs of Exp · Accounting/Finance · Analyst/Research · Financial Analysis · Accounting · Analysis · Commerce · Corporate Finance · Financial Forecasting · Forecasting · Financial
Accounting Manager,Confidential,"6th of October, Giza, Egypt",2 months ago,Full Time,On-site,Manager, 10 - 15 ,Manager · 10 - 15 Yrs of Exp · Accounting/Finance · Banking · Analyst/Research · CMA · Accounting · Analysis · Finance · Communication skills · Financial Analysis · Financial Management
Senior GIS Developer,Syad Tech,"Cairo, Egypt",2 months ago,Full Time,Remote,Experienced, 5 - 10 ,Experienced · 5 - 10 Yrs of Exp · IT/Software Development · HTML5 · .Net · CSS3 · JavaScript · Python · ASP.Net · GIS · Esri
Full Stack Developer,proleaders,"Alexandria, Egypt",2 months ago,Full Time,On-site,Experienced, 5 - 10 ,"Experienced · 5 - 10 Yrs of Exp · IT/Software Development · Full Stack · HTML · Computer Science · Java · MySQL · Software Development · Laravel · Vue.js,"
ERP Support Specialist,DIRAC SYSTEMS,"Heliopolis, Cairo, Egypt",2 months ago,Full Time,Shift Based,Experienced, 0 - 2 ,Experienced · 0 - 2 Yrs of Exp · males_only · Installation/Maintenance/Repair · IT/Software Development · Business Administration · Accounting · ERP · Software Deployment · Oracle · MySQL · Oracle Application Server · Software Testing
Senior Analytics Developer,Xceed Contact Center,"Maadi, Cairo, Egypt",2 months ago,Full Time,On-site,Experienced, 2 - 3 ,Experienced · 2 - 3 Yrs of Exp · IT/Software Development · Engineering - Telecom/Technology · Python · Analysis · Azure · Cloud · Communication · Information Technology (IT) · SQL · Software Engineering
Pricing and Cost Senior Accountant,Kandil Glass,"10th of Ramadan City, Cairo, Egypt",2 months ago,Full Time,On-site,Experienced, 4 - 7 ,Experienced · 4 - 7 Yrs of Exp · Accounting/Finance · Analyst/Research · Accounting · Cost Accounting · Cost · ERP · excel · Finance · Financial Analysis · Financial
Financial Accountant,BS Egypt,"Bolkly, Alexandria, Egypt",2 months ago,Full Time,On-site,Experienced, 5 - 7 ,Experienced · 5 - 7 Yrs of Exp · Accounting/Finance · Banking · Analyst/Research · Accounting · Bookkeeping · Financial · Finance · Management · Tax · excel
Sr. SEO Specialist,ByGrit,"New Cairo, Cairo, Egypt",2 months ago,Full Time,Hybrid,Experienced, 5 - 7 ,Experienced · 5 - 7 Yrs of Exp · Writing/Editorial · Marketing/PR/Advertising · Analyst/Research · SEO · Search Engine Optimization · Social Media Optimization · Social Media · Communication skills · Marketing · Seo strategy
Full Stack Team Lead,Pyramids Pharmacy,"Sheikh Zayed, Giza, Egypt",2 months ago,Full Time,Hybrid,Manager, 4 - 10 ,Manager · 4 - 10 Yrs of Exp · IT/Software Development · Information Technology (IT) · Full Stack · JavaScript · Python · Angular · Computer Science · CSS · HTML · Java
Social Media Strategist,ByGrit,"New Cairo, Cairo, Egypt",2 months ago,Full Time,Hybrid,Experienced, 3 - 5 ,Experienced · 3 - 5 Yrs of Exp · Marketing/PR/Advertising · Analyst/Research · Communication · E-Marketing · Marketing · Social Media · social media strategist · social · SEO · media
Cost Accountant,Confidential,"10th of Ramadan City, Cairo, Egypt",2 months ago,Full Time,On-site,Experienced, 3 - 5 ,Experienced · 3 - 5 Yrs of Exp · Accounting/Finance · Logistics/Supply Chain · Analyst/Research · Accounting · Accounting Software · analytical · accountant · Cost · Cost Accountant · Cost Accounting
Market research specialist,forest-line,"New Cairo, Cairo, Egypt",2 months ago,Full Time,On-site,Experienced, 1 - 3 ,Experienced · 1 - 3 Yrs of Exp · Business Development · Analyst/Research · Business Development · Marketing Research · Research Analysis · Business Analysis
Project Controls Engineer,BRISK Business Inc.,"Cairo, Egypt",2 months ago,Full Time,On-site,Experienced, 7+ ,Experienced · 7+ Yrs of Exp · Engineering - Construction/Civil/Architecture · Project/Program Management · Construction · Management · Planning · Project · Project Management · SAP · Engineering · Primavera
Internal Auditor,Venus International Free Zone,"Sheikh Zayed, Giza, Egypt",2 months ago,Full Time,On-site,Entry Level, 2 - 5 ,Entry Level · 2 - 5 Yrs of Exp · males_preferred · Accounting/Finance · Operations/Management · Analyst/Research · Auditing standards · auditor · Finance · Accounting · Internal auditor · Procedures · Financial Analysis
ERP Product Owner,Finiex Soft,"Fleming, Alexandria, Egypt",2 months ago,Full Time,Hybrid,Experienced, 3 - 5 ,Experienced · 3 - 5 Yrs of Exp · IT/Software Development · Project/Program Management · Analyst/Research · Product Owner · Software Development · Information Technology (IT) · Computer Science · Product
Project Manager,Fixed Solutions,"Cairo, Egypt",2 months ago,Full Time,Hybrid,Experienced, 5+ ,Experienced · 5+ Yrs of Exp · IT/Software Development · Project/Program Management · PMP · Project · Management · business · Project Management · Software · Information Technology (IT)
RPA Senior Developer,Xceed Contact Center,"Maadi, Cairo, Egypt",2 months ago,Full Time,On-site,Experienced, 3 - 5 ,Experienced · 3 - 5 Yrs of Exp · Business Development · Engineering - Telecom/Technology · AWS · Computer Science · Python · Google Cloud
Research And Development Specialist,Confidential,"Cairo, Egypt",2 months ago,Full Time,Remote,Experienced, 3 - 5 ,Experienced · 3 - 5 Yrs of Exp · Business Development · Analyst/Research · AI · Analysis · learning · Machine Learning · LMS · Instructional Design · Design · Algorithms
Python Developer,Outservingplus,"Cairo, Egypt",2 months ago,Full Time,On-site,Experienced, 1 - 4 ,Experienced · 1 - 4 Yrs of Exp · IT/Software Development · Information Technology (IT) · MongoDB · HTML · JavaScript · PostgreSQL · Python · SQL
Cost Accountant,DC Auto,"Maadi, Cairo, Egypt",2 months ago,Full Time,On-site,Experienced, 3 - 5 ,Experienced · 3 - 5 Yrs of Exp · Accounting/Finance · accountant · Accounting · Cost Accountant · Accounting Software · Cost Accounting · Financial Analysis · GAAP · Finance · excel
Credit Analysis Assistant Manager,A.T Lease Egypt,"Sheikh Zayed, Giza, Egypt",2 months ago,Full Time,On-site,Experienced, 5 - 7 ,Experienced · 5 - 7 Yrs of Exp · Accounting/Finance · Analyst/Research · Accounting · Finance · Financial Analysis · Analysis · Credit Analysis · Banks
Tax Accountant,DC Auto,"Maadi, Cairo, Egypt",2 months ago,Full Time,On-site,Experienced, 3 - 5 ,Experienced · 3 - 5 Yrs of Exp · Accounting/Finance · Accounting · accountant · Tax · CMA · CPA · excel · Finance · Financial Analysis · tax accountant
Financial Planning And Analysis Head,Easy Group For Health and Beauty Care,"Alexandria, Egypt",2 months ago,Full Time,On-site,Experienced, 4 - 6 ,Experienced · 4 - 6 Yrs of Exp · Accounting/Finance · Business Development · Analyst/Research · Accounting · Analysis · Computer Skills · English · excel · Finance · Financial
Senior ETL Developer,Master-Works,"Riyadh, Saudi Arabia",7 days ago,Full Time,Not specified,Not specified,"Riyadh, Saudi Arabia ",Not specified · Business Development · IT/Software Development · Engineering - Telecom/Technology · Information Technology (IT) · Computer Science · Software Development · javaScript · Software Engineering · CSS · HTML
Senior Report Developer,El Seif Engineering Contracting Company,"Riyadh, Saudi Arabia",7 days ago,Full Time,Not specified,Not specified,"Doha, Qatar ",Not specified · Business Development · IT/Software Development · Engineering - Telecom/Technology · Information Technology (IT) · Computer Science · Software Development · javaScript · Software Engineering · CSS · HTML
Technical Architect (SAP S/4HANA) (JO021233),MphExperts,"Doha, Qatar",5 days ago,Full Time,Not specified,Not specified,Cairo,Not specified · Engineering - Construction/Civil/Architecture · Creative/Design/Art · IT/Software Development · Architecture · Engineering · AutoCAD · Technical Office · Civil Engineering · Design · Information Technology (IT)
